"Country"," 2015"," 2014"," 2013"," 2012"," 2011"," 2010"," 2009"," 2008"," 2007"," 2006"," 2005"," 2004"," 2003"," 2002"," 2001"," 2000"
"Afghanistan","144.2","129.3","118.3","107.2","101.7","104.5","104.7","96.2","81.8","85.5","77.9","74.1","69.6","68.1","No data","No data"
"Albania","440.4","435.7","367.2","324.0","275.9","229.9","189.1","227.7","238.1","198.4","190.9","189.1","186.2","188.1","174.3","166.8"
"Algeria","303.1","259.8","239.6","217.5","200.9","196.7","190.7","142.9","136.4","119.7","108.7","103.1","80.6","82.0","76.6","79.0"
"Andorra","2641.2","2595.1","2456.4","2364.0","2172.4","2182.5","2255.4","2353.1","2535.0","2469.2","2304.9","2163.3","2041.8","1927.9","1818.6","1781.6"
"Angola","97.2","78.6","67.7","53.1","54.3","54.7","58.2","66.5","64.7","66.1","75.5","84.6","75.0","68.5","76.3","31.6"
"Antigua and Barbuda","367.7","353.6","340.5","339.1","323.8","320.2","301.3","306.3","294.6","283.5","254.5","248.8","242.6","208.8","212.0","188.2"
"Argentina","389.2","369.3","423.3","436.9","526.9","552.5","550.3","545.6","564.3","536.9","501.3","397.9","391.1","384.7","481.9","491.0"
"Armenia","733.1","451.7","527.3","373.3","126.0","217.2","163.1","187.4","222.4","197.8","243.5","262.4","139.8","115.5","111.1","114.5"
"Australia","No data","1399.4","1356.2","1231.1","1160.8","1126.9","1092.0","1021.7","975.5","952.4","895.3","868.5","814.5","762.1","732.6","680.7"
"Austria","1254.5","1231.9","1201.6","1130.5","1053.1","1012.6","973.1","930.7","904.9","867.3","835.1","829.2","783.8","739.9","691.8","661.8"
"Azerbaijan","944.3","761.1","689.1","614.7","557.2","582.8","603.6","433.7","456.8","469.6","457.9","342.9","248.1","127.0","111.1","104.0"
"Bahamas","865.2","970.6","926.8","952.3","911.1","884.8","859.8","916.2","923.1","849.5","742.1","673.5","625.4","586.9","557.8","547.2"
"Bahrain","829.3","769.7","660.8","594.1","340.6","344.4","338.3","276.4","288.6","301.7","314.7","340.3","389.8","414.2","410.0","381.5"
"Bangladesh","65.4","60.2","55.3","53.2","49.9","44.8","40.6","37.8","35.7","31.8","28.5","24.5","22.5","21.1","19.4","17.5"
"Barbados","647.5","638.7","623.6","581.8","552.0","461.2","437.7","434.5","412.4","397.4","371.9","357.2","333.5","296.3","287.7","287.4"
"Belarus","403.8","354.0","361.7","298.5","241.1","190.7","264.5","259.6","216.1","180.4","154.9","117.7","105.7","107.1","93.5","67.7"
"Belgium","841.5","847.3","818.8","776.3","762.3","729.5","701.9","658.9","635.3","593.3","545.3","551.9","584.0","No data","No data","No data"
"Belize","147.2","143.4","141.5","131.5","127.9","131.6","127.1","117.4","111.7","107.8","106.7","108.2","106.6","96.9","93.1","88.9"
"Benin","38.5","38.3","37.4","36.9","37.4","36.7","35.3","34.8","36.7","36.6","35.2","35.8","35.3","34.4","33.8","32.4"
"Bhutan","59.8","56.6","54.6","51.4","34.7","34.1","31.6","26.8","27.4","26.3","26.0","26.4","26.0","15.2","15.3","13.9"
"Bolivia (Plurinational State of)","128.7","125.0","126.7","108.7","97.6","95.0","84.3","74.4","72.8","72.5","72.6","68.5","68.9","66.1","62.9","56.4"
"Bosnia and Herzegovina","318.7","310.5","299.9","284.4","270.0","255.6","252.0","375.2","334.4","295.1","257.2","229.1","132.4","132.7","135.2","138.5"
"Botswana","354.5","312.4","324.2","271.5","242.6","240.5","207.6","142.8","136.6","140.8","144.0","141.1","152.4","143.4","131.3","132.1"
"Brazil","786.4","757.7","703.4","672.8","645.9","620.6","617.7","596.3","587.6","543.9","512.1","481.2","452.4","471.7","460.6","436.0"
"Brunei Darussalam","125.3","112.4","146.1","136.8","130.2","148.5","193.9","165.3","219.0","243.4","298.7","346.2","350.8","319.1","317.6","290.7"
"Bulgaria","729.7","693.9","630.6","600.8","510.6","472.3","426.4","393.4","344.4","325.6","283.2","254.3","235.1","221.9","205.7","150.7"
"Burkina Faso","40.6","38.3","38.5","29.2","28.3","27.6","27.5","23.2","21.7","19.9","16.9","16.2","13.0","13.1","13.8","13.0"
"Burundi","13.2","13.1","14.4","15.9","20.3","24.5","34.3","34.4","34.8","35.5","32.2","19.3","22.8","30.3","29.1","31.6"
"Cabo Verde","79.8","87.4","79.2","77.9","74.1","78.5","55.2","51.9","52.8","56.1","50.5","45.5","42.1","41.4","39.1","38.5"
"Cambodia","125.7","128.3","130.9","127.2","120.8","90.1","90.9","80.7","53.7","64.3","74.4","61.9","59.4","56.0","52.6","49.8"
"Cameroon","126.4","119.5","114.2","109.1","53.2","99.3","97.9","106.7","93.6","87.9","85.4","82.6","81.0","77.1","74.9","71.4"
"Canada","1216.7","1189.1","1173.4","1127.5","1111.0","1139.6","1087.2","1025.6","991.0","953.9","883.5","828.0","782.7","756.5","709.0","656.2"
"Central African Republic","13.9","14.0","11.8","17.8","17.1","16.7","17.5","16.8","16.3","16.1","15.8","16.0","14.8","14.8","14.2","13.9"
"Chad","61.5","57.2","54.3","50.0","48.2","56.1","53.7","50.7","50.2","53.4","46.9","46.5","33.3","51.8","31.9","28.4"
"Chile","746.4","703.3","670.3","607.2","561.1","509.4","487.8","482.5","468.8","432.3","396.2","382.0","377.5","353.1","338.2","315.5"
"China","306.5","278.9","257.1","233.5","207.4","191.2","186.8","169.2","158.5","153.4","144.9","134.5","127.0","115.5","104.6","101.2"
"Colombia","249.1","235.8","203.1","196.4","183.4","187.5","188.8","192.5","164.4","139.4","121.6","97.5","71.9","75.5","83.4","78.2"
"Comoros","92.6","94.9","96.0","95.8","96.3","97.0","99.6","102.5","106.1","107.1","107.2","104.3","104.9","108.1","111.1","118.2"
"Congo","92.5","56.3","55.7","43.3","41.5","44.8","53.5","39.2","44.1","40.1","42.4","47.1","50.3","44.8","41.0","32.7"
"Cook Islands","41.4","37.5","37.4","35.8","35.7","30.9","29.3","38.3","33.0","32.7","27.2","32.4","30.0","25.7","24.3","26.0"
"Costa Rica","309.0","321.6","285.6","287.8","294.8","275.7","268.8","290.0","271.5","246.5","230.6","203.8","199.9","185.0","171.3","171.3"
"CÃ´te d'Ivoire","98.3","107.4","105.0","109.5","111.8","117.7","119.2","119.1","122.7","109.8","97.8","86.9","74.7","69.8","82.2","97.7"
"Croatia","384.5","365.5","312.5","302.4","318.9","233.0","234.3","242.7","186.4","168.8","147.5","180.5","149.4","156.5","140.2","112.4"
"Cuba","281.4","250.0","262.7","241.1","230.9","176.9","173.3","170.4","172.4","172.3","164.4","147.8","146.9","132.9","122.6","82.0"
"Cyprus","1198.1","1141.4","1118.4","1153.4","1160.8","1083.2","1270.0","1233.3","1004.3","939.0","884.5","823.9","765.6","732.1","710.0","662.7"
"Czechia","435.4","429.6","390.3","332.1","324.1","320.5","337.7","318.2","241.6","202.0","184.6","149.1","135.2","No data","No data","No data"
"Democratic People's Republic of Korea","No data","No data","No data","No data","No data","No data","No data","No data","No data","No data","No data","No data","No data","No data","No data","No data"
"Democratic Republic of the Congo","15.0","15.2","12.6","10.9","9.7","10.8","18.4","13.3","13.0","12.4","11.6","11.9","10.8","10.1","10.3","5.9"
"Denmark","806.1","787.2","750.2","736.7","740.1","691.7","671.3","629.4","593.3","552.9","505.4","488.6","441.6","432.4","414.6","392.8"
"Djibouti","32.8","31.3","30.5","31.9","32.3","31.9","33.5","34.1","39.5","39.9","38.5","37.5","38.5","38.9","38.0","36.5"
"Dominica","171.1","175.0","170.5","168.4","158.7","155.0","148.6","159.4","146.9","122.8","123.7","103.0","102.6","94.2","91.7","88.7"
"Dominican Republic","457.1","412.4","379.2","357.0","330.2","330.4","273.2","253.6","237.1","237.3","239.7","220.6","215.4","214.4","202.1","197.2"
"Ecuador","489.5","470.8","456.5","439.3","398.5","386.7","351.6","334.1","299.3","309.5","296.0","269.0","244.2","190.7","147.5","132.4"
"Egypt","345.0","328.5","328.3","321.8","295.2","280.1","269.8","269.6","243.6","244.8","245.1","228.2","236.7","235.7","227.3","196.4"
"El Salvador","194.9","188.6","182.1","191.3","184.2","187.7","188.8","180.6","180.2","166.6","209.1","213.0","215.5","220.5","222.5","220.8"
"Equatorial Guinea","592.3","443.1","421.4","358.5","342.9","375.1","418.8","309.0","323.0","297.1","108.4","144.8","145.1","135.6","295.4","202.5"
"Eritrea","29.4","29.0","28.6","28.0","25.0","25.2","26.0","23.4","26.5","26.4","27.1","26.9","30.8","34.6","36.8","37.9"
"Estonia","461.0","431.9","404.0","354.0","333.3","324.8","298.0","300.9","260.8","250.3","189.3","177.1","149.3","No data","No data","No data"
"Eswatini","123.0","121.0","120.1","117.6","127.4","135.0","131.8","143.5","135.6","128.6","121.2","109.2","102.2","98.9","95.8","94.1"
"Ethiopia","37.8","35.5","27.8","27.6","28.0","27.8","18.4","15.7","14.5","12.1","9.5","9.9","9.8","10.7","10.0","9.1"
"Fiji","113.5","111.4","104.6","94.6","89.2","79.4","83.3","59.1","62.3","53.5","39.8","41.3","34.6","32.3","32.2","30.0"
"Finland","902.7","875.7","861.8","823.5","814.9","791.1","753.3","728.2","667.3","621.2","557.3","531.4","494.9","518.9","494.4","476.4"
"France","957.3","950.0","934.9","892.7","884.3","839.9","813.4","777.5","730.1","699.5","668.3","630.6","605.8","No data","No data","No data"
"Gabon","193.6","174.1","172.0","152.5","150.1","131.5","264.0","210.3","239.9","235.9","243.6","269.8","284.4","279.8","273.9","239.8"
"Gambia","29.2","28.7","25.8","31.2","32.4","31.0","32.5","32.1","26.9","24.1","20.9","18.5","20.3","25.6","24.3","25.7"
"Georgia","421.1","507.7","491.4","482.7","451.1","439.1","406.0","356.4","325.8","287.4","274.0","239.2","214.2","177.9","150.7","139.6"
"Germany","831.9","818.7","804.8","794.0","767.1","730.4","691.1","936.0","882.1","839.1","788.7","756.7","682.2","634.6","588.7","559.0"
"Ghana","98.4","112.8","103.6","88.2","91.3","97.4","92.9","95.2","84.1","81.3","129.6","116.8","111.6","108.2","105.7","102.9"
"Greece","866.9","852.7","811.4","747.4","803.7","834.1","906.5","1207.9","No data","No data","No data","No data","No data","No data","No data","No data"
"Grenada","386.4","384.5","373.0","360.1","359.1","350.4","338.4","349.3","329.1","282.1","264.8","230.2","253.3","252.3","241.4","243.1"
"Guatemala","292.5","290.1","280.8","285.7","276.1","273.7","269.0","279.0","282.6","271.7","255.5","242.3","234.1","228.6","222.1","157.1"
"Guinea","33.1","35.3","37.6","36.4","37.4","34.1","33.3","32.8","34.4","29.7","27.7","26.4","24.2","27.4","25.5","24.2"
"Guinea-Bissau","37.3","38.6","40.1","38.2","34.1","38.9","29.7","37.7","34.8","34.4","31.3","29.3","25.9","26.4","28.1","29.5"
"Guyana","136.4","146.0","146.3","133.6","126.3","113.3","101.2","88.2","80.1","66.9","55.7","44.2","43.0","29.5","30.0","27.6"
"Haiti","48.6","50.9","49.6","48.5","45.1","47.7","51.0","48.3","41.1","39.5","40.5","41.7","43.4","44.7","46.2","47.5"
"Honduras","191.4","190.7","195.5","193.5","171.8","166.1","161.7","183.2","160.2","146.3","128.4","113.1","102.7","93.6","88.0","79.9"
"Hungary","636.2","598.3","591.9","593.6","575.9","532.9","474.1","456.4","426.7","417.4","400.0","373.3","369.4","No data","No data","No data"
"Iceland","762.5","738.3","715.0","683.3","663.2","662.3","668.7","643.4","621.4","622.2","636.6","632.6","597.2","0.0","0.0","0.0"
"India","174.8","155.6","151.1","116.3","105.7","106.1","103.4","99.6","98.1","90.0","85.0","81.4","75.5","73.5","70.8","61.8"
"Indonesia","226.0","216.3","207.4","205.4","200.1","194.4","139.2","133.6","134.6","124.8","116.6","82.0","81.1","70.8","66.1","62.5"
"Iran (Islamic Republic of)","588.1","606.7","636.3","745.6","797.0","812.4","689.4","543.1","488.0","443.0","451.1","412.4","360.2","305.9","314.2","283.4"
"Iraq","367.9","273.0","256.8","247.5","93.1","105.2","100.6","76.8","103.7","87.4","85.1","103.2","99.3","No data","No data","No data"
"Ireland","1601.1","1565.5","1522.4","No data","No data","No data","No data","No data","No data","No data","No data","No data","No data","No data","No data","No data"
"Israel","No data","No data","882.4","832.4","789.0","747.7","749.8","735.8","749.1","667.7","No data","No data","No data","No data","No data","No data"
"Italy","842.0","797.4","782.3","776.5","738.3","677.7","673.9","678.7","626.8","609.8","566.6","575.1","565.3","566.8","552.1","560.3"
"Jamaica","200.2","204.3","203.7","187.7","189.0","174.6","172.6","199.5","184.5","144.5","149.3","144.1","150.5","129.8","178.3","154.6"
"Japan","No data","673.4","657.8","640.9","614.3","577.0","558.6","535.2","508.9","505.6","461.9","457.3","439.0","403.6","383.2","372.9"
"Jordan","205.3","199.6","213.9","214.9","221.4","224.1","260.6","311.2","297.1","296.1","315.1","303.6","302.4","311.9","309.8","289.6"
"Kazakhstan","356.5","336.3","299.8","282.5","226.2","261.4","272.8","252.3","243.6","223.1","215.1","205.4","186.9","169.1","136.4","159.2"
"Kenya","75.8","73.6","66.8","70.5","69.1","62.7","63.0","60.1","57.9","52.0","49.7","47.0","45.8","53.1","54.1","51.6"
"Kiribati","6.5","6.1","6.0","6.3","5.6","5.4","5.8","5.9","4.7","4.7","5.3","4.4","4.5","4.7","4.3","4.6"
"Kuwait","473.3","335.3","305.8","305.0","280.6","311.9","395.6","379.3","414.6","377.8","398.7","422.7","430.7","414.2","373.5","335.3"
"Kyrgyzstan","138.2","140.7","123.5","107.8","90.5","82.3","73.7","86.1","74.0","73.5","68.1","60.7","57.1","41.9","39.8","37.3"
"Lao People's Democratic Republic","79.3","75.4","66.0","54.2","47.9","72.5","67.1","58.5","63.1","76.5","80.5","77.7","70.0","51.4","50.5","37.9"
"Latvia","607.6","524.6","487.4","454.4","399.3","425.9","410.3","429.8","432.1","346.3","355.2","328.3","302.2","291.5","266.4","213.7"
"Lebanon","537.4","541.8","583.3","609.2","710.5","707.1","641.2","651.7","626.6","571.5","509.1","532.8","563.2","621.4","708.4","743.6"
"Lesotho","42.3","42.2","42.0","44.3","43.4","46.2","41.4","41.8","40.9","35.3","34.2","33.1","35.3","39.3","39.9","41.9"
"Liberia","27.7","29.0","27.0","27.0","27.3","25.3","24.8","25.7","23.3","16.9","19.3","18.2","5.9","7.4","7.7","11.2"
"Libya","No data","No data","No data","No data","230.0","287.2","301.7","181.3","204.2","209.6","213.4","237.3","285.7","282.0","368.3","357.2"
"Lithuania","634.4","574.7","550.0","503.0","425.5","381.6","365.1","373.3","315.7","309.8","269.1","238.7","180.1","165.1","152.8","134.8"
"Luxembourg","1105.3","1089.5","1066.7","992.5","944.5","900.0","866.8","765.8","806.9","906.8","833.7","783.2","721.6","685.1","623.5","586.6"
"Madagascar","21.6","22.0","22.8","22.1","25.1","31.7","31.2","30.2","30.3","29.2","28.9","27.4","26.7","24.6","26.6","26.7"
"Malawi","19.0","13.4","11.7","12.0","11.0","11.2","15.9","16.0","13.9","9.9","5.9","5.3","6.0","4.3","4.0","4.3"
"Malaysia","509.5","459.5","417.0","392.9","362.5","331.1","309.4","299.0","310.6","281.6","258.4","245.6","224.2","192.6","179.5","169.9"
"Maldives","272.6","372.2","389.8","394.3","455.9","435.4","407.1","480.6","449.5","413.4","405.0","393.2","282.9","274.2","268.6","146.1"
"Mali","55.8","54.5","57.9","51.5","52.3","56.8","58.0","56.2","53.5","49.5","45.7","43.2","45.4","42.0","41.0","43.9"
"Malta","1365.1","1240.1","902.1","877.9","873.0","812.6","744.5","738.7","681.6","650.8","601.4","527.9","502.3","450.0","401.5","329.4"
"Marshall Islands","114.2","109.1","102.8","101.6","102.4","98.9","92.4","93.9","89.4","82.3","78.4","73.8","69.5","66.8","64.2","60.1"
"Mauritania","92.5","83.9","71.5","70.8","67.8","71.0","80.9","79.7","80.7","77.1","83.0","81.9","83.3","82.4","82.1","79.0"
"Mauritius","565.5","538.0","469.8","398.3","392.4","386.8","379.1","364.9","277.4","249.3","221.6","176.6","164.2","152.2","133.1","125.7"
"Mexico","482.5","475.4","473.0","471.1","445.4","455.9","463.3","448.5","453.6","434.5","417.0","387.4","372.6","No data","No data","No data"
"Micronesia (Federated States of)","12.5","11.8","12.5","13.7","14.8","15.2","16.1","16.4","17.0","17.6","17.8","15.7","14.1","12.5","11.7","10.3"
"Monaco","652.5","660.2","614.5","562.6","544.6","519.1","502.1","507.4","476.1","447.0","435.9","418.3","399.3","366.9","347.2","325.3"
"Mongolia","201.6","185.3","177.0","128.6","109.5","85.5","78.8","78.0","71.8","65.4","72.0","60.5","50.6","54.9","52.3","50.7"
"Montenegro","310.0","299.0","291.4","277.1","285.5","270.6","263.9","303.1","265.5","194.5","165.8","150.2","142.5","149.8","132.4","108.8"
"Morocco","242.5","235.5","228.6","229.7","226.9","224.1","204.9","187.9","177.8","164.8","170.2","157.6","142.1","129.0","118.0","107.3"
"Mozambique","4.4","4.3","4.4","4.3","3.9","3.8","4.0","3.9","4.1","4.2","3.9","3.9","3.8","3.5","2.8","2.8"
"Myanmar","197.5","182.0","58.4","56.9","53.7","53.7","57.4","51.7","43.9","39.2","38.8","33.8","29.6","26.0","21.2","18.8"
"Namibia","261.6","248.4","279.0","318.9","299.8","261.3","218.1","181.5","208.5","299.6","280.6","217.6","204.2","176.2","166.1","162.3"
"Nauru","102.3","73.5","58.1","42.7","44.9","44.1","41.2","57.7","35.6","39.2","38.6","50.1","48.1","48.4","50.4","52.1"
"Nepal","107.5","98.4","90.3","76.4","73.6","65.8","52.6","51.5","46.8","31.7","38.7","38.4","35.5","33.6","32.3","29.5"
"Netherlands","1024.9","1032.0","1006.1","919.5","865.2","811.3","794.9","800.3","683.2","647.0","1131.7","1039.9","955.6","No data","No data","No data"
"New Zealand","No data","No data","675.4","628.0","608.2","583.8","571.1","527.3","429.6","477.6","431.6","404.4","No data","405.4","399.4","353.1"
"Nicaragua","155.8","148.3","141.0","133.5","125.4","120.7","118.4","121.1","115.5","99.8","86.9","84.5","80.1","80.3","69.9","68.4"
"Niger","36.4","32.4","30.9","31.9","31.3","30.8","29.7","29.8","29.8","28.9","26.8","26.2","24.6","22.9","22.1","21.3"
"Nigeria","158.7","148.1","140.8","136.3","134.1","131.4","228.0","198.3","192.2","188.8","169.5","162.8","151.8","65.9","79.4","65.5"
"Niue","14.9","14.5","14.3","14.3","14.1","12.9","15.4","14.3","13.0","12.9","11.6","10.3","10.3","10.7","8.9","7.5"
"Norway","908.5","908.7","901.4","880.3","855.5","794.1","785.1","781.9","737.3","716.7","677.2","639.3","599.6","No data","No data","No data"
"Oman","192.2","153.2","154.2","196.3","195.3","210.7","233.8","183.9","185.5","174.0","168.6","192.8","191.8","191.1","203.8","194.8"
"Pakistan","92.5","90.3","81.3","70.1","70.5","79.6","81.7","90.9","95.0","92.7","76.9","57.4","54.6","50.8","51.8","55.2"
"Palau","390.5","395.2","395.2","397.4","400.3","405.3","375.1","362.6","368.4","333.8","297.7","274.7","258.3","254.4","196.7","199.9"
"Panama","576.4","546.1","498.3","482.3","386.4","352.4","328.4","319.8","297.4","263.7","243.0","230.7","207.7","205.4","194.1","188.7"
"Papua New Guinea","5.7","5.0","6.9","8.0","8.9","7.8","6.7","5.0","4.9","4.8","4.7","5.1","4.8","5.0","4.3","4.0"
"Paraguay","335.8","312.5","292.3","261.1","256.3","237.2","203.4","220.7","193.7","178.8","165.1","161.7","151.3","143.8","159.6","156.4"
"Peru","253.8","233.9","237.6","239.6","221.1","213.0","210.1","202.6","177.0","152.1","128.1","121.7","125.0","126.1","118.9","111.4"
"Philippines","219.7","205.6","209.9","193.9","174.4","156.8","149.3","140.5","127.7","114.7","104.0","76.7","71.9","58.4","56.5","55.0"
"Poland","510.0","470.3","460.2","No data","No data","No data","No data","No data","No data","No data","No data","No data","No data","No data","No data","No data"
"Portugal","899.1","880.0","837.2","849.2","823.4","812.2","787.7","787.9","729.6","696.3","616.8","579.5","538.6","478.9","481.9","468.6"
"Qatar","569.0","408.9","417.1","466.8","550.7","636.4","706.0","465.9","557.6","603.4","630.1","772.3","796.6","829.8","749.2","698.2"
"Republic of Korea","1114.5","1056.4","994.4","947.5","877.8","831.5","757.3","710.3","664.2","600.1","533.4","476.8","442.7","382.7","356.3","330.7"
"Republic of Moldova","243.1","202.4","210.5","200.6","209.7","196.4","224.7","197.6","168.4","156.5","120.6","91.5","83.8","77.9","64.7","52.4"
"Romania","239.6","219.4","212.2","205.7","207.7","195.7","186.0","155.5","122.7","118.9","101.5","123.3","62.8","58.2","53.5","47.7"
"Russian Federation","550.4","512.0","474.4","460.8","433.2","420.8","443.8","394.4","320.1","290.4","234.1","214.6","213.8","197.6","173.0","148.7"
"Rwanda","49.4","46.2","45.6","46.3","45.0","41.9","38.8","37.3","33.1","29.8","23.0","19.4","15.2","11.3","10.2","8.1"
"Saint Kitts and Nevis","900.9","867.8","813.1","761.7","761.5","717.0","714.5","721.2","658.9","637.6","545.2","486.5","459.4","452.2","435.5","416.1"
"Saint Lucia","358.5","363.2","494.0","465.8","493.0","453.9","419.1","437.4","418.0","348.9","323.1","310.9","277.0","252.8","234.6","224.1"
"Saint Vincent and the Grenadines","111.1","111.5","104.5","98.5","98.1","91.1","88.0","84.1","76.4","71.7","64.7","61.2","57.1","51.8","47.7","43.7"
"Samoa","41.6","42.8","41.8","41.5","40.6","39.2","40.0","40.7","37.1","33.9","32.5","28.0","27.2","25.4","21.6","17.3"
"San Marino","702.9","721.6","717.1","697.9","711.5","697.1","767.1","759.7","694.4","669.0","629.1","639.0","628.6","716.3","751.3","743.0"
"Sao Tome and Principe","42.3","37.6","38.4","37.0","35.4","37.2","41.1","43.7","55.2","61.1","68.0","68.9","64.0","65.6","68.2","45.7"
"Saudi Arabia","895.4","710.7","650.5","593.9","546.7","545.2","559.2","423.2","392.9","343.8","336.3","339.9","337.2","338.4","356.6","341.6"
"Senegal","54.9","53.2","51.0","49.0","47.8","47.7","48.1","49.6","47.7","44.0","44.4","63.1","55.3","49.1","45.1","41.6"
"Serbia","554.7","558.3","536.8","481.5","475.8","464.4","445.4","453.3","403.1","318.4","256.3","206.1","169.2","152.5","140.1","128.4"
"Seychelles","22.0","22.8","30.6","62.0","35.0","71.7","29.6","30.5","35.2","35.7","41.0","46.9","67.0","82.1","98.8","120.6"
"Sierra Leone","98.5","141.5","125.2","87.0","81.2","60.6","71.8","70.0","65.3","59.1","58.3","57.1","56.3","53.4","43.6","42.6"
"Singapore","1771.6","1630.0","1594.4","1415.9","1335.2","1305.2","1231.1","1275.2","1184.4","1115.4","1067.3","1039.2","1012.1","993.0","953.3","898.8"
"Slovakia","418.2","397.7","542.4","566.5","503.1","548.2","487.3","406.9","467.1","388.7","271.0","No data","No data","No data","No data","No data"
"Slovenia","784.7","784.1","748.2","707.8","655.2","633.7","635.3","617.4","590.5","540.7","505.9","479.8","463.8","No data","No data","No data"
"Solomon Islands","5.7","6.0","6.2","5.7","5.7","5.9","5.7","6.0","6.0","5.8","5.1","4.8","2.8","2.7","3.0","3.0"
"Somalia","No data","No data","No data","No data","No data","No data","No data","No data","No data","No data","No data","No data","No data","No data","No data","No data"
"South Africa","478.2","450.2","427.0","414.7","391.6","382.0","375.1","353.8","345.7","341.5","370.6","348.4","374.5","364.2","363.0","346.8"
"South Sudan","46.1","31.2","29.7","33.1","No data","No data","No data","No data","No data","No data","No data","No data","No data","No data","No data","No data"
"Spain","922.0","916.9","849.3","805.9","765.5","729.1","719.0","735.8","703.4","664.1","603.1","572.2","545.8","No data","No data","No data"
"Sri Lanka","159.4","133.6","122.8","115.8","121.9","112.0","127.2","112.9","95.1","81.9","75.3","72.2","57.7","64.4","61.9","61.0"
"Sudan","185.4","159.5","203.4","145.9","173.0","149.5","153.7","165.1","163.1","118.9","93.2","85.4","81.6","65.2","62.2","56.0"
"Suriname","417.5","462.2","429.3","412.9","407.6","368.0","359.0","373.3","328.3","332.4","478.0","452.0","402.9","386.7","335.9","259.5"
"Sweden","865.6","865.3","847.1","806.3","751.9","643.2","643.4","633.8","596.6","558.0","514.0","495.3","465.1","456.4","433.8","No data"
"Switzerland","2219.7","2086.7","1932.6","1854.3","1813.6","1741.4","No data","No data","No data","No data","No data","No data","No data","No data","No data","No data"
"Syrian Arab Republic","No data","No data","No data","85.8","98.7","91.5","94.7","85.3","88.8","86.2","84.9","91.1","96.3","93.2","89.2","93.2"
"Tajikistan","122.2","111.8","102.5","91.5","81.9","83.4","79.9","77.4","69.7","57.7","53.6","49.1","44.3","39.3","35.5","31.9"
"Thailand","128.7","128.6","113.3","112.5","101.2","105.9","107.8","92.0","80.1","84.3","109.8","99.9","98.2","94.9","97.1","95.0"
"Republic of North Macedonia","304.9","301.4","287.5","276.8","271.5","287.0","249.0","219.2","226.7","235.1","246.1","255.4","256.5","241.0","214.7","228.6"
"Timor-Leste","14.5","14.0","13.4","12.4","12.1","12.7","9.4","11.0","12.8","14.7","19.7","15.6","14.1","15.9","No data","No data"
"Togo","54.3","55.0","53.4","49.1","51.0","50.7","41.5","36.0","36.0","34.3","32.9","33.4","34.6","30.8","30.6","31.8"
"Tonga","44.4","42.4","40.4","38.6","39.2","42.1","40.8","37.3","37.2","36.7","36.2","31.0","29.8","29.0","25.8","25.0"
"Trinidad and Tobago","1015.2","835.3","772.4","762.2","651.1","625.0","887.8","639.7","663.9","588.5","587.7","552.2","511.6","417.4","348.0","334.8"
"Tunisia","334.9","323.0","306.6","300.6","274.8","259.0","245.9","233.9","228.5","215.0","207.8","197.0","181.1","166.7","153.7","143.1"
"Turkey","217.8","225.2","212.9","192.5","192.4","No data","167.3","230.5","244.6","220.2","189.5","152.5","139.9","No data","No data","No data"
"Turkmenistan","761.0","604.0","503.1","433.5","403.9","368.6","325.1","420.0","286.6","448.4","435.1","408.1","271.4","206.0","237.7","155.4"
"Tuvalu","19.6","18.7","18.5","17.8","18.0","15.0","15.8","20.1","16.7","13.0","18.0","19.3","24.1","21.8","17.0","3.1"
"Uganda","64.7","63.0","58.2","61.1","62.4","61.9","90.9","103.6","93.0","84.7","72.4","56.5","57.8","49.4","37.5","32.3"
"Ukraine","240.1","264.2","272.9","254.7","231.1","200.9","195.8","191.9","194.5","180.8","169.4","167.5","151.4","135.7","125.7","110.7"
"United Arab Emirates","697.4","711.7","653.6","579.9","590.7","648.7","633.1","731.2","795.2","810.6","826.5","902.2","849.6","839.9","461.6","605.3"
"United Kingdom of Great Britain and Northern Ireland","813.9","788.7","765.2","523.9","487.6","464.3","438.5","438.6","443.3","403.0","391.6","384.0","377.6","343.4","318.8","285.5"
"United Republic of Tanzania","27.1","27.1","28.9","31.7","37.8","34.6","33.9","34.1","35.3","32.7","34.0","37.8","38.2","30.8","25.3","19.2"
"United States of America","4734.0","4531.1","4414.7","4343.4","4195.3","4092.1","3979.3","3904.0","3848.8","3662.8","3525.7","3342.1","3162.4","2925.6","2695.7","2547.1"
"Uruguay","526.0","521.0","521.4","527.4","540.7","540.9","514.8","436.2","503.2","497.5","481.9","456.9","442.8","447.1","489.8","502.1"
"Uzbekistan","173.4","162.6","141.1","133.7","118.0","107.7","96.5","85.0","83.0","87.5","76.2","70.4","63.0","64.8","56.3","54.5"
"Vanuatu","12.7","12.2","12.2","12.1","11.8","11.8","11.1","10.6","10.5","10.5","10.3","10.0","9.7","9.6","9.6","9.4"
"Venezuela (Bolivarian Republic of)","303.1","326.4","340.4","357.6","440.8","442.9","512.2","436.5","410.0","342.7","306.9","288.3","268.3","284.0","321.9","293.0"
"Viet Nam","158.7","149.7","157.6","131.4","106.8","101.2","83.8","77.4","77.2","70.0","60.4","52.1","42.3","38.4","38.4","35.6"
"Yemen","118.5","148.8","150.3","145.7","133.4","169.9","186.4","163.0","161.5","142.0","127.4","119.6","109.1","77.7","74.2","66.2"
"Zambia","79.5","80.9","78.0","76.2","75.9","70.9","57.4","49.7","47.8","49.5","52.0","53.1","48.0","44.3","47.9","51.0"
"Zimbabwe","76.5","71.0","69.6","77.0","78.1","86.8","No data","No data","No data","No data","No data","No data","No data","No data","No data","No data"
